Main Agency,Location,Sq Ft,Saved
INTERNAL REVENUE SERVICE NATIONAL OFFICE,"FRANKLIN, TN","135,373",31830982
FOOD AND DRUG ADMINISTRATION,"ST. LOUIS, MO","51,963",19249372
BUREAU OF RECLAMATION,"BOISE, ID","79,869",18475055
MINE SAFETY HEALTH ADMINISTRATION,"ARLINGTON, VA","88,469",15080510
DHS OFFICE OF THE UNDERSECRETARY FOR MANAGEMENT,"WASHINGTON, DC","59,681",13870065
GENERAL SERVICES ADMINISTRATION,"ARLINGTON, VA","55,043",12979560
GENERAL SERVICES ADMINISTRATION,"WASHINGTON, DC","66,390",12739370
DHS OFFICE OF THE UNDERSECRETARY FOR MANAGEMENT,"ARLINGTON, VA","49,662",12202890
UNITED STATES FISH AND WILDLIFE SERVICE,"HADLEY, MA","72,220",11531053
CENTERS FOR MEDICARE AND MEDICAID SERVICES,"SEATTLE, WA","69,409",10884137
,"SILVER SPRING, MD","64,471",10030660
INTERNAL REVENUE SERVICE NATIONAL OFFICE,"PHOENIX, AZ","99,880",9999756
DEPT OF TREASURY-BUREAU OF THE FISCAL SERVICE,"KANSAS CITY, MO","87,993",9688812
SECURITIES AND EXCHANGE COMMISSION,"LOS ANGELES, CA","57,903",9654380
OFFICE OF THE SECRETARY,"DENVER, CO","86,809",9441817
"CORPS OF ENGINEERS, CIVIL","JACKSONVILLE, FL","196,716",9413558
GEOLOGICAL SURVEY,"MENLO PARK, CA","20,000",9000000
FOREST SERVICE,"ANCHORAGE, AK","27,770",7865819
BANKRUPTCY CLERK,"COLUMBUS, OH","61,371",7564950
GENERAL SERVICES ADMINISTRATION,"WASHINGTON, DC","30,193",7313215
BUREAU OF INDIAN AFFAIRS,"PHOENIX, AZ","71,591",7285644
BUREAU OF LABOR STATISTICS,"WASHINGTON, DC","845,389",7148974
NATURAL RESOURCES CONSERVATION SERVICE,"TEMPLE, TX","93,641",6938708
"CORPS OF ENGINEERS, CIVIL","CHICAGO, IL","67,600",6479537
OFFICE OF SURFACE MINING AND REGULATION ENFORCEMENT,"TULSA, OK","41,676",6340888
INTERNAL REVENUE SERVICE NATIONAL OFFICE,"LOWELL, MA","36,752",5947960
PUBLIC DEFENDER SERVICE,"PHOENIX, AZ","46,567",5842375
U.S. AGENCY FOR GLOBAL MEDIA,"MIAMI, FL","35,927",5317548
NATIONAL LABOR RELATIONS BOARD,"BUFFALO, NY","37,644",5104580
BUREAU OF LAND MANAGEMENT,"UKIAH, CA","10,862",4843003
GEOLOGICAL SURVEY,"BOULDER, CO","29,170",4566670
OFFICE OF U.S. ATTORNEYS,"PHOENIX, AZ","72,980",4435636
,"DERWOOD, MD","29,744",4421785
DEPARTMENT OF HEALTH & HUMAN SERVICES,"CLEVELAND, OH","45,455",4309403
SECURITIES AND EXCHANGE COMMISSION,"PHILADELPHIA, PA","44,765",4257967
DEPT OF TREASURY-BUREAU OF THE FISCAL SERVICE,"HYATTSVILLE, MD","76,372",4239635
NATIONAL OCEANIC ATMOSPHERIC ADMINISTRATION,"NORMAN, OK","18,743",4157122
GENERAL SERVICES ADMINISTRATION,"WASHINGTON, DC","17,593",3978085
SECURITIES AND EXCHANGE COMMISSION,"CHICAGO, IL","81,492",3903413
OFFICE OF U.S. ATTORNEYS,"MUSKOGEE, OK","33,119",3710015
DEPARTMENT OF AIR FORCE,"NORTH CHARLESTON, SC","75,000",3625660
"CORPS OF ENGINEERS, CIVIL","MOBILE, AL","23,860",3610220
BUR OF INDUSTRY & SECURITY,"PHOENIX, AZ","36,750",3583425
OFFICE OF U.S. ATTORNEYS,"TAMPA, FL","108,007",3260223
OFFICE OF U.S. ATTORNEYS,"MONTGOMERY, AL","57,815",3210894
INDIAN HEALTH SERVICE NAVAJO,"GALLUP, NM","20,287",3144654
FARM SERVICE AGENCY- STATE,"MONTGOMERY, AL","30,881",3041170
GENERAL SERVICES ADMINISTRATION,"LOS ANGELES, CA","16,439",2996995
BUREAU OF PRISONS,"STOCKTON, CA","33,204",2901228
RURAL HOUSING SERVICE,"DOVER, DE","28,512",2883560
EMPLOYEE BENEFITS SECURITY ADMIN,"PLANTATION, FL","16,254",2864956
RURAL HOUSING SERVICE,"PALMER, AK","19,716",2839785
INTERNAL REVENUE SERVICE NATIONAL OFFICE,"BIRMINGHAM, AL","32,480",2807854
FOREST SERVICE,"ATLANTA, GA","49,617",2799539
DEFENSE CONTRACT MANAGEMENT AGENCY- NATIONAL,"BUFFALO, NY","18,163",2744480
DHS UNITED STATES SECRET SERVICE,"WILMINGTON, DE","13,441",2640800
FOREST SERVICE,"FORT COLLINS, CO","43,599",2425203
INTERNAL REVENUE SERVICE NATIONAL OFFICE,"GLENDALE, AZ","18,963",2413721
NATURAL RESOURCES CONSERVATION SERVICE,"GREENSBORO, NC","30,123",2376707
INTERNAL REVENUE SERVICE NATIONAL OFFICE,"MESA, AZ","24,853",2353223
DOD -WHS,"LOS ANGELES, CA","6,610",2317200
NATURAL RESOURCES CONSERVATION SERVICE,"COLUMBIA, MO","52,257",2305620
GEOLOGICAL SURVEY,"SAN ANTONIO, TX","20,950",2276678
U.S. IMMIGRATION & CUSTOMS ENFORCEMENT (ICE),"NEW YORK, NY",0,2261182
GEOLOGICAL SURVEY,"ANCHORAGE, AK","20,326",2209205
GEOLOGICAL SURVEY,"SPOKANE VALLEY, WA","13,196",2170634
FEDERAL TRADE COMMISSION,"DALLAS, TX","15,255",2115930
FOOD AND DRUG ADMINISTRATION,"NEWARK, NJ","14,736",2112611
SMALL BUSINESS ADMINISTRATION,"SEATTLE, WA","12,867",2103975
INTERNAL REVENUE SERVICE NATIONAL OFFICE,"SAN MARCOS, CA","20,111",2067509
CENTER FOR DISEASE CONTROL,"ATLANTA, GA, CDC","119,812",2060883
OFFICE OF THE SECRETARY,"KANSAS CITY, KS","69,437",2053474
INTERNAL REVENUE SERVICE NATIONAL OFFICE,"CLEVELAND, OH","18,996",1989915
"CORPS OF ENGINEERS, CIVIL","DAVIS, CA","11,180",1908426
GOVERNMENT ACCOUNTABILITY OFFICE,"ATLANTA, GA","22,296",1908196
GENERAL SERVICES ADMINISTRATION,"WASHINGTON, DC","46,821",1898397
FOREST SERVICE,"SILVER CITY, NM","29,554",1860615
BORDER PATROL FACILITIES,"SHELBY, MT","16,292",1817795
DOE-CARLSBAD OFFICE,"CARLSBAD, NM","90,850",1756298
FOOD AND NUTRITION SERVICE (FNS),"ROBBINSVILLE, NJ","28,930",1750964
GENERAL SERVICES ADMINISTRATION,"LORTON, VA","15,280",1713445
FEDERAL LABOR RELATIONS AUTHORITY,"WASHINGTON, DC","33,490",1712141
MINE SAFETY HEALTH ADMINISTRATION,"BIRMINGHAM, AL","20,554",1699269
SOCIAL SECURITY ADMINISTRATION,"GAINESVILLE, GA","17,844",1688423
FOREST SERVICE,"ALBUQUERQUE, NM","22,216",1681950
GEOLOGICAL SURVEY,"COLUMBUS, OH","20,338",1614508
INTERNAL REVENUE SERVICE NATIONAL OFFICE,"BLOOMINGTON, MN","26,910",1579777
SOCIAL SECURITY ADMINISTRATION,"HORSEHEADS, NY","11,400",1558450
DHS UNITED STATES SECRET SERVICE,"REHOBOTH BEACH, DE","2,400",1544875
BUREAU OF INDIAN AFFAIRS,"ASHLAND, WI","34,970",1515284
GEOLOGICAL SURVEY,"NORTHBOROUGH, MA","20,893",1494720
OFFICE OF INSPECTOR GENERAL,"NEW YORK, NY","10,651",1492610
FOREST SERVICE,"POMEROY, WA","10,516",1453106
NATIONAL OCEANIC ATMOSPHERIC ADMINISTRATION,"KEY LARGO, FL","7,993",1449064
FOREST SERVICE,"PHOENIX, AZ","32,162",1439364
GEOLOGICAL SURVEY,"CORVALLIS, OR","6,849",1414992
FOOD AND DRUG ADMINISTRATION,"TEMPE, AZ","4,176",1410731
ENVIRONMENTAL PROTECTION AGENCY,"GUAYNABO, PR","22,391",1404113
INTERNAL REVENUE SERVICE NATIONAL OFFICE,"BEND, OR","6,156",1392480
ENVIRONMENTAL PROTECTION AGENCY,"LOS ANGELES, CA","13,541",1383348
DEPARTMENT OF EDUCATION,"KANSAS CITY, MO","47,639",1359611
GEOLOGICAL SURVEY,"NORCROSS, GA","38,395",1350938
ANIMAL AND PLANT HEALTH INSPECTION SERVICE,"BISMARCK, ND","28,954",1321575
U.S. IMMIGRATION & CUSTOMS ENFORCEMENT (ICE),"NEW YORK, NY",0,1316480
EQUAL EMPLOYMENT OPPORTUNITY COMMISSION,"PHOENIX, AZ","22,915",1311821
BUREAU OF PRISONS,"KANSAS CITY, BUREAU OF PRISONS","51,138",1275000
ENVIRONMENTAL PROTECTION AGENCY,"CASTLE ROCK, CO","10,800",1262149
INTERNAL REVENUE SERVICE NATIONAL OFFICE,"MONTGOMERY, AL","12,347",1259025
OFFICE OF U.S. ATTORNEYS,"COLUMBIA, SC","41,663",1257315
DHS UNITED STATES SECRET SERVICE,"WILMINGTON, DE",0,1249875
GOVERNMENT ACCOUNTABILITY OFFICE,"VIRGINIA BEACH, VA","15,519",1225553
SOCIAL SECURITY ADMINISTRATION,"CAMPBELLSVILLE, KY","12,750",1207824
UNITED STATES FISH AND WILDLIFE SERVICE,"JACKSON, MS","14,840",1187039
EQUAL EMPLOYMENT OPPORTUNITY COMMISSION,"SAN JOSE, CA","5,736",1174681
SMALL BUSINESS ADMINISTRATION,"LITTLE ROCK, AR","17,878",1160878
FIELD OFFICES,"WASHINGTON, DC","22,195",1150282
SOCIAL SECURITY ADMINISTRATION,"VICTORIA, TX","11,795",1121001
FEDERAL TRADE COMMISSION,"ATLANTA, GA","8,360",1117415
DEPARTMENT OF EDUCATION,"PHILADELPHIA, PA","42,995",1115051
FOREST SERVICE,"TALLAHASSEE, FL","17,770",1108797
INTERNAL REVENUE SERVICE NATIONAL OFFICE,"SOUTHBOROUGH, MA","10,787",1099427
SOCIAL SECURITY ADMINISTRATION,"FRANKLIN, NC","8,895",1059184
GEOLOGICAL SURVEY,"CHEYENNE, WY","9,521",1054635
BUREAU OF LABOR STATISTICS,"FORT WALTON BEACH, FL","15,264",1033609
FEDERAL HIGHWAY ADMINISTRATION,"BOISE, ID","5,179",1019271
SOCIAL SECURITY ADMINISTRATION,"GREENVILLE, NC","13,775",997787
INTERNAL REVENUE SERVICE NATIONAL OFFICE,"WORCESTER, MA","14,511",994040
SOCIAL SECURITY ADMINISTRATION,"MERIDIAN, MS","9,796",977426
INTERNAL REVENUE SERVICE NATIONAL OFFICE,"MODESTO, CA","8,673",975306
"CORPS OF ENGINEERS, CIVIL","LAKEWOOD, CO","21,015",972661
SOCIAL SECURITY ADMINISTRATION,"HOUMA, LA","13,152",965564
RISK MANAGEMENT AGENCY (RMA),"TOPEKA, KS","5,560",964396
FARM SERVICE AGENCY - COUNTY,"CLOVIS, NM","6,590",962236
ANIMAL AND PLANT HEALTH INSPECTION SERVICE,"FORT COLLINS, CO","7,803",962129
GOVERNMENT ACCOUNTABILITY OFFICE,"SEATTLE, WA","23,394",946460
FEDERAL TRANSIT ADMINISTRATION,"CHICAGO, IL","13,531",943641
DEFENSE CONTRACT MANAGEMENT AGENCY- NATIONAL,"MILWAUKEE, WI","7,322",933500
FOOD AND DRUG ADMINISTRATION,"SAN CLEMENTE, CA","21,450",933314
FEDERAL HIGHWAY ADMINISTRATION,"SALEM, OR","6,589",924916
MINE SAFETY HEALTH ADMINISTRATION,"CRAIG, CO","4,328",921415
FARM SERVICE AGENCY- STATE,"LEXINGTON-FAYETTE, KY","39,235",917195
BUREAU OF RECLAMATION,"WEAVERVILLE, CA","4,980",913920
EXECUTIVE OFFICE FOR IMMIGRATION REVIEW,"PHOENIX, AZ","23,048",908161
NATIONAL PARK SERVICE,"SAN ANTONIO, TX","14,478",902473
BUREAU OF INDIAN AFFAIRS,"SISSETON, SD","4,911",900040
RURAL HOUSING SERVICE,"STEVENS POINT, WI","15,843",896408
NATURAL RESOURCES CONSERVATION SERVICE,"FARGO, ND","8,834",893967
SOCIAL SECURITY ADMINISTRATION,"ELIZABETH CITY, NC","7,914",887470
ANIMAL AND PLANT HEALTH INSPECTION SERVICE,"OLYMPIA, WA","3,458",866034
OFFICE OF U.S. ATTORNEYS,"OCALA, FL","8,542",861982
BUREAU OF MINERALS MANAGEMENT SERVICE,"HOUMA, LA","13,865",858919
INTERNAL REVENUE SERVICE NATIONAL OFFICE,"GUAYNABO, PR","9,462",857974
INTERNAL REVENUE SERVICE NATIONAL OFFICE,"SAVANNAH, GA","15,492",855022
DEPARTMENT OF EDUCATION,"LONG BEACH, CA","7,995",852301
FEDERAL HIGHWAY ADMINISTRATION,"AMES, IA","10,056",847080
INTERNAL REVENUE SERVICE NATIONAL OFFICE,"BOWLING GREEN, KY","7,564",846766
UNITED STATES FISH AND WILDLIFE SERVICE,"COLUMBIA, MO","15,011",839446
UNITED STATES FISH AND WILDLIFE SERVICE,"STATE COLLEGE, PA","6,700",823748
SOCIAL SECURITY ADMINISTRATION,"THOMASVILLE, GA","11,150",819228
FOREST SERVICE,"MONTGOMERY, AL","15,792",800734
BUR OF INDUSTRY & SECURITY,"IRVINE, CA","13,775",796462
MINE SAFETY HEALTH ADMINISTRATION,"MOUNT PLEASANT, PA","12,964",786086
DEFENSE INFORMATION SYSTEMS AGENCY,"REHOBOTH BEACH, DE","2,740",781500
FOOD AND DRUG ADMINISTRATION,"NASHVILLE, TN","14,004",777105
NATIONAL LABOR RELATIONS BOARD,"HATO REY, PR","12,409",776225
FEDERAL AVIATION ADMINISTRATION,"CORAOPOLIS, PA","10,455",765152
FARM SERVICE AGENCY - COUNTY,"ROSWELL, NM","5,635",760814
OFFICE OF THE SECRETARY,"KANSAS CITY, MO","11,465",757776
OFFICE OF U.S. ATTORNEYS,"TOLEDO, OH","16,787",755214
INTERNAL REVENUE SERVICE NATIONAL OFFICE,"SAN MATEO, CA","12,089",746994
NATIONAL ARCHIVES CENTERS,"HOFFMAN ESTATES, IL","73,573",740457
UNITED STATES FISH AND WILDLIFE SERVICE,"ATLANTA, GA","35,330",738352
PROBATION,"TOLEDO, OH","6,834",733665
BUREAU OF RECLAMATION,"BEND, OR","3,386",725888
SOCIAL SECURITY ADMINISTRATION,"NASHVILLE, TN","4,133",712885
UNITED STATES FISH AND WILDLIFE SERVICE,"TUCSON, AZ","4,791",705585
FOOD AND DRUG ADMINISTRATION,"MEMPHIS, TN","12,305",701149
INTERNAL REVENUE SERVICE NATIONAL OFFICE,"ROANOKE, VA","16,693",698694
FOOD AND DRUG ADMINISTRATION,"PLANTATION, FL","14,691",691172
INTERNAL REVENUE SERVICE NATIONAL OFFICE,"SALEM, OR","9,733",679228
NATIONAL PARK SERVICE,"FLAGSTAFF, AZ","6,760",668156
GEOLOGICAL SURVEY,"SUNCOOK, PEMBROKE, NH","12,560",665782
AGRICULTURAL MARKETING SERVICE,"PORTLAND, OR","5,485",663980
MINE SAFETY HEALTH ADMINISTRATION,"MADISONVILLE, KY","22,362",657114
BUR OF INDUSTRY & SECURITY,"HERNDON, VA","4,539",641665
SMALL BUSINESS ADMINISTRATION,"ATLANTA, GA","27,526",634642
UNITED STATES TRUSTEES,"SALT LAKE CITY, UT","8,433",632529
GENERAL SERVICES ADMINISTRATION,"CHARLOTTESVILLE, VA","3,719",620605
EQUAL EMPLOYMENT OPPORTUNITY COMMISSION,"RALEIGH, NC","10,397",612666
SOCIAL SECURITY ADMINISTRATION,"ANNISTON, AL","12,926",608457
NATIONAL PARK SERVICE,"HARRISON, AR","22,680",601073
GENERAL SERVICES ADMINISTRATION,"REHOBOTH BEACH, DE","1,300",600000
INTERNAL REVENUE SERVICE NATIONAL OFFICE,"MEDFORD, OR","5,384",598992
"EMPLOYMENT STANDARDS ADMINISTRATION, WAGE AND HOUR DIVI","BALTIMORE, MD","9,139",593074
"EMPLOYMENT STANDARDS ADMINISTRATION, WAGE AND HOUR DIVI","FOREST HILLS, NY","5,070",591172
SOCIAL SECURITY ADMINISTRATION,"MINOT, ND","5,950",586657
NATIONAL PARK SERVICE,"FRITCH, TX","3,833",582759
SOCIAL SECURITY ADMINISTRATION,"CARLSBAD, CA","3,579",582245
NATURAL RESOURCES CONSERVATION SERVICE,"MISSOULA, MT","8,310",574775
SMALL BUSINESS ADMINISTRATION,"NORWALK, CA","4,928",567324
NATURAL RESOURCES CONSERVATION SERVICE,"WASILLA, AK","4,200",562242
FARM SERVICE AGENCY - COUNTY,"HENDERSONVILLE, NC","5,358",558780
EQUAL EMPLOYMENT OPPORTUNITY COMMISSION,"KANSAS CITY, KS","14,046",557722
OFFICE OF SURFACE MINING AND REGULATION ENFORCEMENT,"LEXINGTON-FAYETTE, KY","9,600",557432
FEDERAL ENERGY REGULATORY COMMISSION,"DULUTH, GA","8,574",553023
ANIMAL AND PLANT HEALTH INSPECTION SERVICE,"HATO REY, PR","20,683",552319
FEDERAL HIGHWAY ADMINISTRATION,"LOS ANGELES, CA","7,100",549474
ALLOWANCE TO FORMER PRESIDENTS,"ATLANTA, GA","7,682",544991
SOCIAL SECURITY ADMINISTRATION,"OKEMOS, MI","4,276",544830
FARM SERVICE AGENCY- STATE,"HATO REY, PR","14,875",528245
OFFICE OF PERSONNEL MANAGEMENT,"BOYERS, PA","11,500",526052
GEOLOGICAL SURVEY,"CHARLOTTE, NC","5,316",522600
FARM SERVICE AGENCY - COUNTY,"WILKESBORO, NC","5,970",522375
FEDERAL MEDIATION AND CONCILIATION SERVICE,"INDEPENDENCE, OH","6,609",517318
SOCIAL SECURITY ADMINISTRATION,"CULLMAN, AL","7,361",512221
SOCIAL SECURITY ADMINISTRATION,"GREENWOOD, MS","11,100",504916
FOOD AND DRUG ADMINISTRATION,"WAUWATOSA, WI","6,757",499666
NATURAL RESOURCES CONSERVATION SERVICE,"SYRACUSE, NY","33,548",498273
OCCUPATIONAL SAFETY AND HEALTH ADMINISTRATION,"MOBILE, AL","5,548",493540
UNITED STATES TRUSTEES,"BUFFALO, NY","5,109",491299
SMALL BUSINESS ADMINISTRATION,"COLUMBUS, OH","6,721",490164
NATIONAL OCEANIC ATMOSPHERIC ADMINISTRATION,"IDAHO FALLS, ID","13,681",488290
NATURAL RESOURCES CONSERVATION SERVICE,"GALLATIN, TN","6,017",485983
INDIAN HEALTH SERVICE NAVAJO,"FARMINGTON, NM","2,000",485746
"EMPLOYMENT STANDARDS ADMINISTRATION, WAGE AND HOUR DIVI","RALEIGH, NC","5,641",480785
NATURAL RESOURCES CONSERVATION SERVICE,"LOGAN, UT","7,500",480459
MINE SAFETY HEALTH ADMINISTRATION,"WAYNESBURG, PA","8,233",478057
FOOD AND DRUG ADMINISTRATION,"SALT LAKE CITY, UT","6,300",475620
FEDERAL MOTOR CARRIER SAFETY ADMINISTRATION,"PRINCETON, NJ","3,780",472173
FARM SERVICE AGENCY - COUNTY,"PONCE, PR","3,218",468257
RURAL HOUSING SERVICE,"BANGOR, ME","22,417",467105
INTERNAL REVENUE SERVICE NATIONAL OFFICE,"SPRINGFIELD, MA","14,036",465826
FEDERAL COMMUNICATIONS COMMISSION,"CERRITOS, CA","3,680",463570
GEOLOGICAL SURVEY,"NEW CUMBERLAND, PA","30,279",454138
MINE SAFETY HEALTH ADMINISTRATION,"PRESTONSBURG, KY","7,378",453865
INTERNATIONAL TRADE ADMINISTRATION,"MIDDLETOWN, CT","2,730",448686
INDIAN HEALTH SERVICE NAVAJO,"SAINT MICHAELS, AZ","40,924",447888
DOD -WHS,"WILMINGTON, DE","2,350",446250
NATURAL RESOURCES CONSERVATION SERVICE,"ARECIBO, PR","4,360",441987
MINE SAFETY HEALTH ADMINISTRATION,"ST. CLAIRSVILLE, OH","8,275",437458
SOCIAL SECURITY ADMINISTRATION,"GRAND JUNCTION, CO","7,975",432912
BUREAU OF PRISONS,"ATLANTA, GA","34,146",431863
AGRICULTURAL MARKETING SERVICE,"LITTLE ROCK, AR","3,974",429375
DEFENSE COUNTERINTELLIGENCE AND SECURITY AGENCY – DOD W,"ST. LOUIS, MO","3,392",425435
OCCUPATIONAL SAFETY AND HEALTH ADMINISTRATION,"NAPERVILLE, IL","4,787",424916
GEOLOGICAL SURVEY,"HURON, SD","10,882",422504
PIPELINE & HAZARDOUS MATERIALS SAFETY ADMIN (PHMSA),"ONTARIO, CA","8,559",422021
INTERNAL REVENUE SERVICE NATIONAL OFFICE,"NEW WINDSOR, NY","12,034",419984
DEFENSE CONTRACT MANAGEMENT AGENCY- LOCAL,"ADDISON, TX","8,905",416078
ANIMAL AND PLANT HEALTH INSPECTION SERVICE,"UXBRIDGE, MA","4,852",415728
FOOD AND DRUG ADMINISTRATION,"IRVING, TX","5,788",414741
FEDERAL HIGHWAY ADMINISTRATION,"EWING TOWNSHIP, NJ","7,646",414449
NATURAL RESOURCES CONSERVATION SERVICE,"GALLUP, NM","2,499",412590
FEDERAL HIGHWAY ADMINISTRATION,"MADISON, WI","6,254",408205
OCCUPATIONAL SAFETY AND HEALTH ADMINISTRATION,"SAVANNAH, GA","4,606",407246
SMALL BUSINESS ADMINISTRATION,"KANSAS CITY, MO","9,549",406311
SOCIAL SECURITY ADMINISTRATION,"COLUMBUS, OH","3,999",405295
MINE SAFETY HEALTH ADMINISTRATION,"SUMMERSVILLE, WV","5,020",402961
UNITED STATES TRUSTEES,"RIVERSIDE, CA","5,938",398166
INTERNAL REVENUE SERVICE NATIONAL OFFICE,"WAILUKU HAWAIIAN HOME LAND (HISTORI, HI","5,405",396845
INTERNAL REVENUE SERVICE NATIONAL OFFICE,"FREDERICKSBURG, VA","6,162",395504
DEFENSE CONTRACT MANAGEMENT AGENCY- NATIONAL,"SAINT AUGUSTINE, FL","4,045",394390
RURAL HOUSING SERVICE,"MT LAUREL, NJ","7,111",387099
AGRICULTURAL MARKETING SERVICE,"EVERETT, MA","2,789",383972
MINE SAFETY HEALTH ADMINISTRATION,"HARLAN, KY","7,342",382777
NATURAL RESOURCES CONSERVATION SERVICE,"YUMA, AZ","4,541",381959
EQUAL EMPLOYMENT OPPORTUNITY COMMISSION,"GREENVILLE, SC","4,989",375131
"CORPS OF ENGINEERS, CIVIL","GRIFFITH, IN","3,170",370357
MINE SAFETY HEALTH ADMINISTRATION,"BARBOURVILLE, KY","17,709",370008
GENERAL SERVICES ADMINISTRATION,"BREA, CA","2,551",369130
OCCUPATIONAL SAFETY AND HEALTH ADMINISTRATION,"FAIRVIEW HEIGHTS, IL","2,971",368100
INTERNAL REVENUE SERVICE NATIONAL OFFICE,"VISALIA, CA","6,936",365024
GEOLOGICAL SURVEY,"KLAMATH FALLS, OR","8,913",364240
FARM SERVICE AGENCY - COUNTY,"BAKERSFIELD, CA","7,306",362895
INTERNAL REVENUE SERVICE NATIONAL OFFICE,"FREDERICK, MD","3,739",359508
GENERAL SERVICES ADMINISTRATION,"WASHINGTON, DC","2,061",359100
OCCUPATIONAL SAFETY AND HEALTH ADMINISTRATION,"TINLEY PARK, IL","7,010",358924
DEPARTMENTAL MANAGEMENT (IG),"SAN ANTONIO, TX","2,149",358346
UNITED STATES FISH AND WILDLIFE SERVICE,"BISMARCK, ND","21,372",357594
FOREST SERVICE,"MESA, AZ","7,500",355950
DEPARTMENTAL MANAGEMENT (IG),"EDISON, NJ","4,160",355026
DEPARTMENTAL MANAGEMENT (IG),"MONTEREY PARK, CA","6,917",354565
NATIONAL APPEALS DIVISION,"MEMPHIS, TN","3,398",354188
INTERNAL REVENUE SERVICE NATIONAL OFFICE,"CHATTANOOGA, TN","17,786",353845
OFFICE OF THE SECRETARY,"MIAMI, FL","2,357",349750
EQUAL EMPLOYMENT OPPORTUNITY COMMISSION,"GREENSBORO, NC","5,846",348390
NATIONAL LABOR RELATIONS BOARD,"LOS ANGELES, CA","20,885",344214
DHS TRANSPORTATION SECURITY ADMINISTRATION,"ABILENE, TX","4,998",343715
SOCIAL SECURITY ADMINISTRATION,"BRUNSWICK, GA","9,856",341023
UNITED STATES FISH AND WILDLIFE SERVICE,"GAHANNA, OH","5,292",339468
INTERNATIONAL TRADE ADMINISTRATION,"DENVER, CO","3,885",337278
FEDERAL MEDIATION AND CONCILIATION SERVICE,"ST. LOUIS, MO","4,237",337219
ENVIRONMENTAL PROTECTION AGENCY,"CHARLOTTE AMALIE, VI","1,277",337055
RURAL HOUSING SERVICE,"CHRISTIANSTED, VI","4,439",335819
GENERAL SERVICES ADMINISTRATION,"ALBUQUERQUE, NM","5,624",330975
"CORPS OF ENGINEERS, CIVIL","APPLE VALLEY, CA","3,755",328017
BUREAU OF INDIAN AFFAIRS,"REDDING, CA","5,307",321048
MINE SAFETY HEALTH ADMINISTRATION,"VACAVILLE, CA","11,014",319023
SMALL BUSINESS ADMINISTRATION,"SIOUX FALLS, SD","3,810",318182
BUREAU OF RECLAMATION,"TEMECULA, CA","3,531",315031
INTERNAL REVENUE SERVICE NATIONAL OFFICE,"ST. CLOUD, MN","3,510",314302
BUREAU OF THE CENSUS,"TUCSON, AZ","7,335",311885
UNITED STATES FISH AND WILDLIFE SERVICE,"DAPHNE, AL","7,087",311781
INTERNAL REVENUE SERVICE NATIONAL OFFICE,"HILO, HI","1,427",310916
FOOD AND DRUG ADMINISTRATION,"WILMINGTON, DE","3,464",310002
ENVIRONMENTAL PROTECTION AGENCY,"STAMFORD, CT","1,380",308496
OFFICE OF U.S. ATTORNEYS,"CORPUS CHRISTI, TX","17,039",307267
INTERNAL REVENUE SERVICE NATIONAL OFFICE,"PARKERSBURG, WV","7,671",306692
FARM SERVICE AGENCY - COUNTY,"LARES, PR","2,700",302105
OCCUPATIONAL SAFETY AND HEALTH ADMINISTRATION,"AVENEL, NJ","4,968",299507
NATURAL RESOURCES CONSERVATION SERVICE,"PUYALLUP, WA","2,930",298336
NATIONAL PARK SERVICE,"NEW ORLEANS, LA","2,139",297208
EQUAL EMPLOYMENT OPPORTUNITY COMMISSION,"EL PASO, TX","7,973",296960
MINE SAFETY HEALTH ADMINISTRATION,"HAZARD, KY","8,836",294613
"EMPLOYMENT STANDARDS ADMINISTRATION, WAGE AND HOUR DIVI","LAWRENCEVILLE, NJ","3,420",293113
SMALL BUSINESS ADMINISTRATION,"BALTIMORE, MD","6,160",293000
SOCIAL SECURITY ADMINISTRATION,"ROCK SPRINGS, WY","4,131",292142
INTERNAL REVENUE SERVICE NATIONAL OFFICE,"THOUSAND OAKS, CA","9,362",291705
UNITED STATES FISH AND WILDLIFE SERVICE,"MADISON, WI","2,871",290709
ANIMAL AND PLANT HEALTH INSPECTION SERVICE,"TOPEKA, KS","10,187",289898
OFFICE OF THE COMPTROLLER OF THE CURRENCY,"CHAMPAIGN, IL","2,958",289465
FOOD AND DRUG ADMINISTRATION,"TALLAHASSEE, FL","1,440",288124
NATURAL RESOURCES CONSERVATION SERVICE,"GREENWOOD, MS","7,500",287000
SOCIAL SECURITY ADMINISTRATION,"VIDALIA, GA","10,133",285947
RAILROAD RETIREMENT BOARD,"COVINA, CA","2,270",284097
FEDERAL MOTOR CARRIER SAFETY ADMINISTRATION,"SALEM, OR","2,200",283555
"EMPLOY. STANDARDS ADMIN., OFC OF CONTRACT COMPLIANCE PR","ORANGE, CA","2,082",282670
INTERNAL REVENUE SERVICE NATIONAL OFFICE,"ALTOONA, PA","4,192",282389
INTERNAL REVENUE SERVICE NATIONAL OFFICE,"MACON, GA","14,039",282295
FARM SERVICE AGENCY - COUNTY,"WATERTOWN, SD","7,869",278049
FOOD AND DRUG ADMINISTRATION,"WARWICK, RI","4,215",276743
INTERNAL REVENUE SERVICE NATIONAL OFFICE,"EL CENTRO, CA","5,120",276255
FEDERAL RAILROAD ADMINISTRATION,"WILMINGTON, DE","2,950",273935
FOOD AND DRUG ADMINISTRATION,"MADISON, WI","2,975",272746
NATIONAL PARK SERVICE,"CAMP VERDE, AZ","2,300",267720
SOCIAL SECURITY ADMINISTRATION,"MELBOURNE, FL","1,415",263660
FOOD AND DRUG ADMINISTRATION,"COLUMBUS, OH","4,399",262436
MINE SAFETY HEALTH ADMINISTRATION,"SAN ANTONIO, TX","4,153",261423
GENERAL SERVICES ADMINISTRATION,"MCALLEN, TX","2,597",258439
MINE SAFETY HEALTH ADMINISTRATION,"HEBRON, OH","3,682",258159
BUREAU OF INDIAN AFFAIRS,"ELKO, NV","4,760",257402
OFFICE OF U.S. ATTORNEYS,"LONDON, KY","8,364",256031
RURAL HOUSING SERVICE,"BATESVILLE, AR","3,403",255225
NATURAL RESOURCES CONSERVATION SERVICE,"CONWAY, AR","5,171",255077
INTERNAL REVENUE SERVICE NATIONAL OFFICE,"OWENSBORO, KY","4,958",253390
BUREAU OF INDIAN AFFAIRS,"ST. GEORGE, UT",750,252000
UNITED STATES FISH AND WILDLIFE SERVICE,"FALMOUTH, ME","2,999",247157
EQUAL EMPLOYMENT OPPORTUNITY COMMISSION,"MOBILE, AL","5,118",243958
ANIMAL AND PLANT HEALTH INSPECTION SERVICE,"BARRIGADA, GU","4,222",243364
DEFENSE CONTRACT MANAGEMENT AGENCY- NATIONAL,"AKRON, OH","3,201",242020
RURAL HOUSING SERVICE,"OCALA, FL","5,591",241003
INTERNAL REVENUE SERVICE NATIONAL OFFICE,"WILMINGTON, NC","14,165",239678
FAS- OFFICE SPAC,"O’FALLON, IL, FAS SERVICE CENTER","4,599",239250
FEDERAL COMMUNICATIONS COMMISSION,"DALLAS, TX","2,077",237467
GEOLOGICAL SURVEY,"SANTA MARIA, CA","6,440",237027
OFFICE OF INSPECTOR GENERAL,"VENTNOR CITY, NJ","1,018",235411
INTERNAL REVENUE SERVICE NATIONAL OFFICE,"QUINCY, IL","2,967",234738
INTERNAL REVENUE SERVICE NATIONAL OFFICE,"MANSFIELD, OH","3,738",231195
DEPARTMENTAL MANAGEMENT (IG),"CLEVELAND, OH","2,287",230711
NATIONAL PARK SERVICE,"NAPLES, FL","4,862",230070
"EMPLOYMENT STANDARDS ADMINISTRATION, WAGE AND HOUR DIVI","MANCHESTER, NH","3,201",229954
OFFICE OF THE INSPECTOR GENERAL,"JACKSON, MS","3,043",229863
NATIONAL PARK SERVICE,"SALT LAKE CITY, UT","3,008",229550
NATIONAL LABOR RELATIONS BOARD,"BIRMINGHAM, AL","3,853",227725
AGRICULTURAL MARKETING SERVICE,"IDAHO FALLS, ID","1,920",223657
MINE SAFETY HEALTH ADMINISTRATION,"PORTSMOUTH, NH","3,161",223487
GEOLOGICAL SURVEY,"DOWNINGTOWN, PA","5,452",223098
FAS REG 09 MAINTENANCE CONTROL CENTER,"LOMPOC, CA","5,400",222359
FEDERAL MEDIATION AND CONCILIATION SERVICE,"BUFFALO, NY","2,178",221760
OFFICE OF INSPECTOR GENERAL,"KING OF PRUSSIA, PA","3,109",221375
GENERAL SERVICES ADMINISTRATION,"PHOENIX, AZ","2,193",221199
NATIONAL PARK SERVICE,"VENTURA, CA","10,855",220341
MINE SAFETY HEALTH ADMINISTRATION,"ALBANY, NY","4,454",220025
DEFENSE COUNTERINTELLIGENCE AND SECURITY AGENCY – DOD W,"PALMDALE, CA","1,715",219076
NATIONAL OCEANIC ATMOSPHERIC ADMINISTRATION,"PORT ANGELES, WA","4,556",217169
MINE SAFETY HEALTH ADMINISTRATION,"LONGVIEW, TX","2,400",215450
FOOD AND DRUG ADMINISTRATION,"BALTIMORE, MD","3,090",213324
FOOD AND DRUG ADMINISTRATION,"EAST PROVIDENCE, RI","2,400",211993
FARM SERVICE AGENCY - COUNTY,"PARAGOULD, AR","4,900",210172
DHS UNITED STATES SECRET SERVICE,"WASHINGTON, DC",0,210000
FEDERAL HIGHWAY ADMINISTRATION,"MONTPELIER, VT","6,600",208688
MINE SAFETY HEALTH ADMINISTRATION,"KNOXVILLE, TN","2,969",208273
INTERNAL REVENUE SERVICE NATIONAL OFFICE,"STOCKTON, CA","12,015",205639
DEPARTMENTAL MANAGEMENT (IG),"GRAND RAPIDS, MI","2,145",202657
INTERNATIONAL TRADE ADMINISTRATION,"WHITE PLAINS, NY","2,071",201506
FARM SERVICE AGENCY - COUNTY,"GONZALES, TX","2,675",200680
SAVANNAH RIVER OPERATIONS OFFICE,"AIKEN, SC","2,250",200568
FEDERAL HIGHWAY ADMINISTRATION,"SAN JUAN, PR","4,951",199214
NATIONAL OCEANIC ATMOSPHERIC ADMINISTRATION,"NARRAGANSETT PIER, RI",674,197484
DHS UNITED STATES SECRET SERVICE,"PHILADELPHIA, PA","1,000",196740
DEPARTMENT OF EDUCATION,"WASHINGTON, DC","5,255",196366
SOCIAL SECURITY ADMINISTRATION,"JONESBORO, AR","2,340",194995
NATURAL RESOURCES CONSERVATION SERVICE,"SAIPAN ISLAND, MP","3,600",194015
OCCUPATIONAL SAFETY AND HEALTH ADMINISTRATION,"WILMINGTON, DE","2,099",193737
PBS,"MIDDLEBURG HEIGHTS, OH","5,421",193136
U.S. IMMIGRATION & CUSTOMS ENFORCEMENT (ICE),"ROCK ISLAND, IL","10,895",192352
GEOLOGICAL SURVEY,"SAN ANGELO, TX","7,510",192214
INDIAN HEALTH SERVICE-CALIFORNIA,"UKIAH, CA","1,848",191072
INDIAN HEALTH SERVICE -OKLAHOMA,"OKLAHOMA CITY, OK","5,000",189922
DEPARTMENTAL MANAGEMENT (IG),"LOUISVILLE, KY","2,463",189470
NATIONAL PARK SERVICE,"HAGATNA, GU","6,959",185805
DEPARTMENTAL MANAGEMENT (IG),"SAN JUAN, PR","4,573",185793
BUREAU OF INDIAN AFFAIRS,"SEMINOLE, OK","9,825",184770
INTERNAL REVENUE SERVICE NATIONAL OFFICE,"LA CROSSE, WI","2,165",180995
NATIONAL OCEANIC ATMOSPHERIC ADMINISTRATION,"WALL TOWNSHIP, NJ","1,768",179417
INDIAN HEALTH SERVICE-BEMIDJI,"BEMIDJI, MN","4,896",178554
DHS UNITED STATES SECRET SERVICE,"LOS ANGELES, CA","1,200",176700
INTERNAL REVENUE SERVICE NATIONAL OFFICE,"CEDAR RAPIDS, IA","6,794",174668
FEDERAL BUREAU OF INVESTIGATION,"ST. JOSEPH, MO","1,449",171260
OFFICE OF U.S. ATTORNEYS,"LANDER, WY","4,140",171209
MINE SAFETY HEALTH ADMINISTRATION,"BEAVER DAM, KY","2,814",169089
MINE SAFETY HEALTH ADMINISTRATION,"RAPID CITY, SD","3,098",168215
UNITED STATES TRUSTEES,"DAYTON, OH","2,257",167870
NATURAL RESOURCES CONSERVATION SERVICE,"RENTON, WA","1,451",166106
PUBLIC BUILDINGS SERVICE-FIELD OFFICE,"SPRINGFIELD, IL","3,860",164698
OFFICE OF THE SECRETARY,"SIOUX FALLS, SD","2,553",164102
"EMPLOYMENT STANDARDS ADMINISTRATION, WAGE AND HOUR DIVI","SAVANNAH, GA","1,848",163394
SOCIAL SECURITY ADMINISTRATION,"WHITE PLAINS, NY","16,632",162689
UNITED STATES TRUSTEES,"PEORIA, IL","5,898",161938
"EMPLOYMENT STANDARDS ADMINISTRATION, WAGE AND HOUR DIVI","SAN ANTONIO, TX","5,036",161294
NATURAL RESOURCES CONSERVATION SERVICE,"RATON, NM","2,166",161060
NATURAL RESOURCES CONSERVATION SERVICE,"GOLDSBORO, NC","5,881",160675
OFFICE OF THE SECRETARY,"ATLANTA, GA","3,354",160585
NATURAL RESOURCES CONSERVATION SERVICE,"ST. JOHNSBURY, VT","5,712",160092
FEDERAL MOTOR CARRIER SAFETY ADMINISTRATION,"MONTGOMERY, AL","2,662",158518
OFFICE OF PERSONNEL MANAGEMENT,"BOYERS, PA","3,450",156900
BUREAU OF INDIAN AFFAIRS,"PAWNEE, OK","7,549",156171
OCCUPATIONAL SAFETY AND HEALTH ADMINISTRATION,"OKLAHOMA CITY, OK","6,401",155873
NATURAL RESOURCES CONSERVATION SERVICE,"GRIFFIN, GA","3,772",154050
RURAL HOUSING SERVICE,"TOPEKA, KS","10,020",153681
NATIONAL OCEANIC ATMOSPHERIC ADMINISTRATION,"HILO, HI","4,638",150692
GEOLOGICAL SURVEY,"DOVER, DE","5,724",149777
NATIONAL PARK SERVICE,"LOWELL, MA","3,900",149509
INDIAN HEALTH SERVICE-PHOENIX,"ELKO, NV",853,148264
"EMPLOYMENT STANDARDS ADMINISTRATION, WAGE AND HOUR DIVI","SPRINGFIELD, IL","2,128",147203
ANIMAL AND PLANT HEALTH INSPECTION SERVICE,"BALTIMORE, MD","3,404",146859
ENVIRONMENTAL PROTECTION AGENCY,"CHARLOTTE, NC","2,154",146568
SMALL BUSINESS ADMINISTRATION,"LEBANON, NH",959,145490
OFFICE OF LABOR MANAGEMENT STANDARDS,"CINCINNATI, OH","4,449",145145
SOCIAL SECURITY ADMINISTRATION,"BATESVILLE, AR","1,934",145050
FOOD SAFETY AND INSPECTION SERVICE,"RIDGELAND, MS","7,277",144159
INTERNAL REVENUE SERVICE NATIONAL OFFICE,"MAYAGUEZ, PR","2,381",144096
OCCUPATIONAL SAFETY AND HEALTH ADMINISTRATION,"OVERLAND PARK, KS","2,014",143755
DEPARTMENTAL MANAGEMENT (IG),"MADISON, WI","1,486",143726
SOCIAL SECURITY ADMINISTRATION,"GREENWOOD, SC","8,727",141668
SMALL BUSINESS ADMINISTRATION,"WILMINGTON, DE","3,390",141195
FEDERAL MOTOR CARRIER SAFETY ADMINISTRATION,"OLYMPIA, WA","2,069",140630
GEOLOGICAL SURVEY,"WILLIAMSPORT, PA","4,839",140398
NATURAL RESOURCES CONSERVATION SERVICE,"BLYTHE, CA",980,138790
"CORPS OF ENGINEERS, CIVIL","BOUNTIFUL, UT","2,961",137940
FEDERAL MOTOR CARRIER SAFETY ADMINISTRATION,"MADISON, WI","2,477",137912
BUREAU OF INDIAN AFFAIRS,"FORT THOMPSON, SD","4,870",137610
FEDERAL MEDIATION AND CONCILIATION SERVICE,"COLLIERVILLE, TN","2,190",137149
NATURAL RESOURCES CONSERVATION SERVICE,"WOODLAND, CA","5,240",136599
OFFICE OF THE INSPECTOR GENERAL,"KING OF PRUSSIA, PA","3,173",135952
UNITED STATES FISH AND WILDLIFE SERVICE,"DORAL, FL","7,747",134048
ANIMAL AND PLANT HEALTH INSPECTION SERVICE,"HOUSTON, TX","2,520",132687
SOCIAL SECURITY ADMINISTRATION,"GREEN BAY, WI",976,131145
NATURAL RESOURCES CONSERVATION SERVICE,"PORTLAND, OR","4,987",129878
FOOD AND DRUG ADMINISTRATION,"ONTARIO, CA","5,810",128573
SOCIAL SECURITY ADMINISTRATION,"GRENADA, MS","8,946",127570
INTERNAL REVENUE SERVICE NATIONAL OFFICE,"BIRMINGHAM, AL","7,580",126702
OFFICE OF U.S. ATTORNEYS,"SIOUX CITY, IA","14,366",126664
FEDERAL MOTOR CARRIER SAFETY ADMINISTRATION,"EAST PROVIDENCE, RI","1,556",126316
NATURAL RESOURCES CONSERVATION SERVICE,"YREKA, CA","6,242",126132
NATIONAL PARK SERVICE,"GRANTS, NM","9,574",124582
OFFICE OF U.S. ATTORNEYS,"RICHMOND, VA","29,333",123862
UNITED STATES TRUSTEES,"NEWARK, NJ","13,922",123285
MINE SAFETY HEALTH ADMINISTRATION,"SAN BERNARDINO, CA","4,294",122935
BUREAU OF PRISONS,"PHILADELPHIA, PA","4,962",121888
OFFICE OF INSPECTOR GENERAL,"MOUNTAINSIDE, NJ","3,451",121700
SOCIAL SECURITY ADMINISTRATION,"ROANOKE RAPIDS, NC",982,120000
RURAL HOUSING SERVICE,"HARRISBURG, PA","34,467",119066
OFFICE OF U.S. ATTORNEYS,"LUFKIN, TX","5,449",118609
OFFICE OF THE SECRETARY,"CHARLESTON, WV","3,122",118206
MINE SAFETY HEALTH ADMINISTRATION,"ALBANY, OR","3,618",117446
BUREAU OF INDIAN AFFAIRS,"FREDONIA, AZ","1,500",114300
ANIMAL AND PLANT HEALTH INSPECTION SERVICE,"BILLINGS, MT","4,931",114201
MINE SAFETY HEALTH ADMINISTRATION,"GENEVA, NY","4,046",113087
FARM SERVICE AGENCY- STATE,"MAYAGUEZ, PR","2,678",112917
FARM SERVICE AGENCY - COUNTY,"BAUDETTE, MN","2,081",112545
OFFICE OF THE SECRETARY,"LOUISVILLE, KY","2,184",111530
FOOD AND DRUG ADMINISTRATION,"SAN JOSE, CA","4,859",110299
NATURAL RESOURCES CONSERVATION SERVICE,"BATESVILLE, AR","1,470",110250
INTERNAL REVENUE SERVICE NATIONAL OFFICE,"KNOXVILLE, TN","3,703",109816
OCCUPATIONAL SAFETY AND HEALTH ADMINISTRATION,"BATON ROUGE, LA","8,041",109346
FEDERAL MOTOR CARRIER SAFETY ADMINISTRATION,"NOGALES, AZ","2,506",108539
UNITED STATES FISH AND WILDLIFE SERVICE,"GRAND JUNCTION, CO","1,444",106209
INTERNAL REVENUE SERVICE NATIONAL OFFICE,"BEAUMONT, TX","4,819",105487
FARM SERVICE AGENCY - COUNTY,"MONTICELLO, UT","4,233",104820
"EMPLOYMENT STANDARDS ADMINISTRATION, WAGE AND HOUR DIVI","MOBILE, AL","2,200",104460
OFFICE OF ADMINISTRATIVE LAW JUDGES,"NEW LONDON, CT","1,303",104330
DHS-CBP FIELD OPERATIONS FACILITIES,"CHATTANOOGA, TN","1,023",99690
MINE SAFETY HEALTH ADMINISTRATION,"HIBBING, MN","2,622",99163
FOOD AND DRUG ADMINISTRATION,"BOYLSTON, MA","2,360",98610
INTERNATIONAL TRADE ADMINISTRATION,"OKLAHOMA CITY, OK","1,182",95791
"EMPLOY. STANDARDS ADMIN., OFC OF WORKERS' COMP. PRGMS","BUFFALO, NY","2,168",95213
ANIMAL AND PLANT HEALTH INSPECTION SERVICE,"RICHMOND, VA","2,986",91909
AGRICULTURAL MARKETING SERVICE,"JESSUP, MD","1,160",91443
GENERAL SERVICES ADMINISTRATION,"BROWNSVILLE, TX",748,91437
INTERNAL REVENUE SERVICE NATIONAL OFFICE,"SCOTTSBLUFF, NE","2,000",91110
DEPARTMENT OF HOUSING AND URBAN DEVELOPMENT,"SAN JUAN, PR","3,716",89616
OFFICE OF THE INSPECTOR GENERAL,"DIAMOND BAR, CA","3,058",88889
INTERNATIONAL TRADE ADMINISTRATION,"PHILADELPHIA, PA","3,492",87941
RURAL HOUSING SERVICE,"MAYAGUEZ, PR","2,991",87886
SOCIAL SECURITY ADMINISTRATION,"MISSOULA, MT","7,915",87641
SMALL BUSINESS ADMINISTRATION,"ANCHORAGE, AK","4,031",87371
FARM SERVICE AGENCY- STATE,"MADERA, CA","3,858",86805
SOCIAL SECURITY ADMINISTRATION,"NACOGDOCHES, TX","1,717",86414
INTERNATIONAL TRADE ADMINISTRATION,"KANSAS CITY, MO","1,995",85957
INDIAN HEALTH SERVICE-BEMIDJI,"SAULT STE MARIE, MI","1,100",85937
INTERNAL REVENUE SERVICE NATIONAL OFFICE,"CHAMPAIGN, IL","4,945",85827
FEDERAL TRADE COMMISSION,"CLEVELAND, OH","9,340",85762
NATIONAL PARK SERVICE,"CRANE LAKE, MN","2,512",85246
FARM SERVICE AGENCY- STATE,"NACOGDOCHES, TX","6,234",84392
NATURAL RESOURCES CONSERVATION SERVICE,"FAIRBANKS, AK","4,446",84054
"CORPS OF ENGINEERS, CIVIL","WILMINGTON, NC","4,349",83934
FOREST SERVICE,"ACKERMAN, MS","4,809",83484
OCCUPATIONAL SAFETY AND HEALTH ADMINISTRATION,"NASHVILLE, TN","1,540",82775
ENVIRONMENTAL PROTECTION AGENCY,"GULFPORT, MS","8,608",82604
UNITED STATES FISH AND WILDLIFE SERVICE,"MANHATTAN, KS","6,932",82389
OCCUPATIONAL SAFETY AND HEALTH ADMINISTRATION,"ANDOVER, MA","4,903",82084
NATURAL RESOURCES CONSERVATION SERVICE,"AMHERST, MA","22,428",80687
FAS- OFFICE SPAC,"FAIRBORN, OH, FAS","2,983",80292
DEPARTMENT OF LABOR,"SIOUX FALLS, SD","2,638",79567
BUREAU OF INDIAN AFFAIRS,"HOLLYWOOD, FL","3,000",79365
,"FOLSOM, CA","1,330",78417
RAILROAD RETIREMENT BOARD,"WICHITA, KS","1,290",78405
INTERNAL REVENUE SERVICE NATIONAL OFFICE,"PADUCAH, KY","2,591",77216
NATIONAL OCEANIC ATMOSPHERIC ADMINISTRATION,"SUNRISE, FL","1,858",77144
ANIMAL AND PLANT HEALTH INSPECTION SERVICE,"HAINES CITY, FL","5,139",76800
GENERAL SERVICES ADMINISTRATION,"MIDDLEBURG HEIGHTS, OH","1,000",76495
INTERNATIONAL TRADE ADMINISTRATION,"SAN DIEGO, CA","3,328",75753
NATIONAL LABOR RELATIONS BOARD,"OVERLAND PARK, KS","11,057",75239
NATURAL RESOURCES CONSERVATION SERVICE,"OXNARD, CA","1,209",75189
DEPARTMENTAL MANAGEMENT (IG),"RALEIGH, NC","2,324",74850
FOOD AND DRUG ADMINISTRATION,"WICHITA, KS","1,700",74200
AGRICULTURAL MARKETING SERVICE,"DETROIT, MI",856,72760
AGRICULTURAL MARKETING SERVICE,"PHILADELPHIA, PA","4,823",72345
DEPARTMENT OF HOUSING AND URBAN DEVELOPMENT,"BURLINGTON, VT","2,343",71954
NATURAL RESOURCES CONSERVATION SERVICE,"SALINAS, CA","7,829",71831
RAILROAD RETIREMENT BOARD,"SCRANTON, PA","1,250",70133
NATURAL RESOURCES CONSERVATION SERVICE,"LAWRENCE, KS","4,846",70064
GOVERNMENT ACCOUNTABILITY OFFICE,"HUNTSVILLE, AL","7,976",68611
"EMPLOY. STANDARDS ADMIN., OFC OF CONTRACT COMPLIANCE PR","MINNEAPOLIS, MN","4,256",68096
GENERAL SERVICES ADMINISTRATION,"HOUSTON, TX",555,67734
DRUG ENFORCEMENT ADMINISTRATION,"NORTH ANDOVER CENTER, MA","5,300",67470
SOCIAL SECURITY ADMINISTRATION,"GADSDEN, AL","1,450",67410
ANIMAL AND PLANT HEALTH INSPECTION SERVICE,"SUTTON, MA","1,273",67109
OFFICE OF PERSONNEL MANAGEMENT,"EAST BUTLER, PA","13,991",66821
FARM SERVICE AGENCY- STATE,"ANNAPOLIS, MD","5,300",66241
NATIONAL OCEANIC ATMOSPHERIC ADMINISTRATION,"EUREKA, CA",823,65977
INTERNAL REVENUE SERVICE NATIONAL OFFICE,"BRATTLEBORO, VT","1,391",65294
SOCIAL SECURITY ADMINISTRATION,"KALISPELL, MT","7,699",63083
NATURAL RESOURCES CONSERVATION SERVICE,"LINCOLN, NE","10,471",62816
NATIONAL PARK SERVICE,"MARTINSBURG, WV","2,230",62811
INDIAN HEALTH SERVICE-NASHVILLE,"MANLIUS, NY","2,105",62746
GENERAL SERVICES ADMINISTRATION,"AUBURN, CA","1,228",62051
ANIMAL AND PLANT HEALTH INSPECTION SERVICE,"GLADSTONE, MO","1,378",61966
INTERNAL REVENUE SERVICE NATIONAL OFFICE,"JEFFERSON CITY, MO","5,343",61913
SMALL BUSINESS ADMINISTRATION,"SPRINGFIELD, MA",894,61686
GEOLOGICAL SURVEY,"NEW PHILADELPHIA, OH","2,765",61362
SOCIAL SECURITY ADMINISTRATION,"ROCKFORD, IL","1,743",61280
BUREAU OF INDIAN AFFAIRS,"WATONGA, OK","2,850",61074
NATIONAL OCEANIC ATMOSPHERIC ADMINISTRATION,"BATON ROUGE, LA","2,400",59251
UNITED STATES FISH AND WILDLIFE SERVICE,"BROKEN BOW, OK","2,325",58673
INDIAN HEALTH SERVICE-CALIFORNIA,"ARCATA, CA","1,492",58602
ANIMAL AND PLANT HEALTH INSPECTION SERVICE,"UVALDE, TX",920,58538
"EMPLOY. STANDARDS ADMIN., OFC OF CONTRACT COMPLIANCE PR","SAN DIEGO, CA","6,850",56510
NATURAL RESOURCES CONSERVATION SERVICE,"SAN SEBASTIAN, PR","1,810",56336
OFFICE OF U.S. ATTORNEYS,"PEORIA, IL","21,631",55823
SOCIAL SECURITY ADMINISTRATION,"LAWTON, OK","9,298",55805
"EMPLOYMENT STANDARDS ADMINISTRATION, WAGE AND HOUR DIVI","PENSACOLA, FL",690,55612
"EMPLOYMENT STANDARDS ADMINISTRATION, WAGE AND HOUR DIVI","FAYETTEVILLE, AR",440,55480
MINE SAFETY HEALTH ADMINISTRATION,"GREEN RIVER, WY","2,297",55322
MINE SAFETY HEALTH ADMINISTRATION,"FRACKVILLE, PA","5,125",55228
INTERNAL REVENUE SERVICE NATIONAL OFFICE,"MARQUETTE, MI","3,122",54343
"EMPLOY. STANDARDS ADMIN., OFC OF WORKERS' COMP. PRGMS","RICHLAND, WA",979,53733
FEDERAL MOTOR CARRIER SAFETY ADMINISTRATION,"CHEYENNE, WY","2,311",52718
FOREST SERVICE,"MOUNT SHASTA, CA",536,52000
FARM SERVICE AGENCY - COUNTY,"UTUADO, PR","5,750",51884
INTERNAL REVENUE SERVICE NATIONAL OFFICE,"HOPKINSVILLE, KY","2,646",50300
INDIAN HEALTH SERVICE-BEMIDJI,"TRAVERSE CITY, MI",798,50117
UNITED STATES TRUSTEES,"LITTLE ROCK, AR","6,779",49976
"EMPLOYMENT STANDARDS ADMINISTRATION, WAGE AND HOUR DIVI","MINNEAPOLIS, MN","3,499",49704
"FED ACQUISITION SRVC, REG 05 FLEET MGMT FACILITIES","LISLE, IL","1,520",48517
SOCIAL SECURITY ADMINISTRATION,"WAUSAU, WI","1,851",48466
"EMPLOY. AND TRAIN. ADMIN., BUR. OF APPRENTICESHIP AND T","MARTINSBURG, WV",525,48262
"EMPLOYMENT STANDARDS ADMINISTRATION, WAGE AND HOUR DIVI","GUAYNABO, PR","5,778",48169
DEPARTMENTAL MANAGEMENT (IG),"SPRINGFIELD, IL","3,253",47886
INTERNATIONAL TRADE ADMINISTRATION,"PORTSMOUTH, NH","1,099",46720
SOCIAL SECURITY ADMINISTRATION,"LOGAN, WV","7,852",45650
"EMPLOYMENT STANDARDS ADMINISTRATION, WAGE AND HOUR DIVI","STATE COLLEGE, PA",443,45491
NATIONAL OCEANIC ATMOSPHERIC ADMINISTRATION,"NORTHFIELD, NJ","1,035",43898
MINE SAFETY HEALTH ADMINISTRATION,"LITCHFIELD, IL","2,889",43645
FARM SERVICE AGENCY - COUNTY,"BATESVILLE, AR","2,891",43365
RAILROAD RETIREMENT BOARD,"MESA, AZ","1,946",43136
IG FOR TAX ADMINISTRATION,"BATON ROUGE, LA",891,40826
SMALL BUSINESS ADMINISTRATION,"SPRINGFIELD, IL","2,022",40548
ANIMAL AND PLANT HEALTH INSPECTION SERVICE,"OKLAHOMA CITY, OK","1,609",40225
NATIONAL ARCHIVES CENTERS,"FAIRFIELD, OH","124,569",39851
SOCIAL SECURITY ADMINISTRATION,"ABILENE, TX","1,342",39391
"EMPLOYMENT STANDARDS ADMINISTRATION, WAGE AND HOUR DIVI","TACOMA, WA",842,39133
INTERNAL REVENUE SERVICE NATIONAL OFFICE,"FAYETTEVILLE, NC","7,813",38559
"EMPLOYMENT STANDARDS ADMINISTRATION, WAGE AND HOUR DIVI","SPRINGFIELD, MA",599,38315
"CORPS OF ENGINEERS, CIVIL","DURANGO, CO","1,245",37997
SMALL BUSINESS ADMINISTRATION,"CHICO, CA",315,37800
OFFICE OF U.S. ATTORNEYS,"GRAND JUNCTION, CO","3,386",37317
FOOD AND DRUG ADMINISTRATION,"DAVENPORT, IA",695,36936
UNITED STATES FISH AND WILDLIFE SERVICE,"GREAT FALLS, MT","3,310",36787
SOCIAL SECURITY ADMINISTRATION,"TEXARKANA, AR","1,436",36328
INTERNAL REVENUE SERVICE NATIONAL OFFICE,"ERIE, PA","5,305",34119
SMALL BUSINESS ADMINISTRATION,"OMAHA, NE","5,756",33895
AGRICULTURAL MARKETING SERVICE,"LOS ANGELES, CA","1,527",33403
FOOD AND DRUG ADMINISTRATION,"PEORIA, IL","1,155",33295
SMALL BUSINESS ADMINISTRATION,"CINCINNATI, OH","2,247",32676
GENERAL SERVICES ADMINISTRATION,"RIVERDALE PARK, MD","5,598",32559
SOCIAL SECURITY ADMINISTRATION,"FORREST CITY, AR","12,774",32321
ANIMAL AND PLANT HEALTH INSPECTION SERVICE,"SOUTH ST PAUL, MN","2,489",32210
INTERNAL REVENUE SERVICE NATIONAL OFFICE,"SARASOTA, FL","12,941",30767
BUREAU OF PRISONS,"CINCINNATI, OH","3,068",30295
FEDERAL HIGHWAY ADMINISTRATION,"JEFFERSON CITY, MO","6,440",27944
NATIONAL OCEANIC ATMOSPHERIC ADMINISTRATION,"BOISE, ID","5,156",27862
SOCIAL SECURITY ADMINISTRATION,"MANSFIELD, OH","1,047",27557
"FED ACQUISITION SRVC REG 04, FLEET MGMT FACILITIES","COCOA, FL","1,088",25614
SOCIAL SECURITY ADMINISTRATION,"COLUMBUS, GA","1,632",25512
NATIONAL OCEANIC ATMOSPHERIC ADMINISTRATION,"SEWARD, AK",922,24554
U.S. IMMIGRATION & CUSTOMS ENFORCEMENT (ICE),"AUSTIN, TX",0,23240
"FAS, REG 01 FLEET MANAGEMENT FACILITIES","HARTFORD, CT",0,23100
INDIAN HEALTH SERVICE-NASHVILLE,"OPELOUSAS, LA","1,029",22931
FEDERAL MOTOR CARRIER SAFETY ADMINISTRATION,"HELENA, MT","1,810",22895
OFFICE OF THE SECRETARY,"FISHERS, IN","2,850",22144
BUREAU OF LABOR STATISTICS,"MOUNTAINSIDE, NJ","4,876",21430
"EMPLOY. AND TRAIN. ADMIN., BUR. OF APPRENTICESHIP AND T","DAVENPORT, IA",351,20376
BUREAU OF MINERALS MANAGEMENT SERVICE,"NEW ORLEANS, LA",970,20370
BUREAU OF INDIAN AFFAIRS,"ZUNI, NM","2,117",19909
OFFICE OF PERSONNEL MANAGEMENT,"SAN ANTONIO, TX","4,775",19355
INTERNAL REVENUE SERVICE NATIONAL OFFICE,"SIOUX CITY, IA","5,254",17364
FOOD AND DRUG ADMINISTRATION,"GREENSBORO, NC","1,579",16570
MARITIME ADMINISTRATION,"BEAUMONT, TX","2,404",16555
SOCIAL SECURITY ADMINISTRATION,"LAS VEGAS, NV","1,895",16352
UNITED STATES MARSHALS SERVICE,"OXFORD, MS",600,16149
"EMPLOYMENT STANDARDS ADMINISTRATION, WAGE AND HOUR DIVI","HARLINGEN, TX",612,15310
SMALL BUSINESS ADMINISTRATION,"LEXINGTON-FAYETTE, KY","1,200",15143
SMALL BUSINESS ADMINISTRATION,"GREENSBORO, NC",648,14571
INTERNAL REVENUE SERVICE NATIONAL OFFICE,"OXFORD, MS","1,630",13649
ANIMAL AND PLANT HEALTH INSPECTION SERVICE,"WALLINGFORD, CT","2,711",13432
DRUG ENFORCEMENT ADMINISTRATION,"YAKIMA, WA",330,12900
NATIONAL OCEANIC ATMOSPHERIC ADMINISTRATION,"BARRE, VT",287,12413
FOOD AND DRUG ADMINISTRATION,"SOUTH BEND, IN","1,734",11977
FEDERAL ENERGY REGULATORY COMMISSION,"CARMEL, IN",247,11897
OFFICE OF U.S. ATTORNEYS,"GREEN BAY, WI","5,364",11835
NATURAL RESOURCES CONSERVATION SERVICE,"DOVER, NH","6,988",11358
FEDERAL HIGHWAY ADMINISTRATION,"TOPEKA, KS","6,572",11245
"EMPLOYMENT STANDARDS ADMINISTRATION, WAGE AND HOUR DIVI","LONGVIEW, TX",320,11052
INTERNAL REVENUE SERVICE NATIONAL OFFICE,"IDAHO FALLS, ID","2,925",8790
DEPARTMENT OF STATE,"MIAMI, FL","3,076",7383
"EMPLOYMENT STANDARDS ADMINISTRATION, WAGE AND HOUR DIVI","COLORADO SPRINGS, CO",875,7307
NATIONAL OCEANIC ATMOSPHERIC ADMINISTRATION,"SEFFNER, FL","1,525",7285
DEFENSE COUNTERINTELLIGENCE AND SECURITY AGENCY – DOD W,"JACKSONVILLE, FL","1,155",6904
VETERANS BENEFITS ADMINISTRATION,"LAS CRUCES, NM","1,120",6777
INTERNAL REVENUE SERVICE NATIONAL OFFICE,"COLUMBUS, MS","2,301",6495
SMALL BUSINESS ADMINISTRATION,"SHOW LOW, AZ",460,6424
DEFENSE CONTRACT MANAGEMENT AGENCY- NATIONAL,"MERRILL, WI",393,6067
BUREAU OF INDIAN AFFAIRS,"SHAWANO, WI","1,990",6066
BUREAU OF INDIAN AFFAIRS,"CARNEGIE, OK",0,6063
NATIONAL OCEANIC ATMOSPHERIC ADMINISTRATION,"HAMPTON, VA",911,5963
BUREAU OF INDIAN AFFAIRS,"RAPID CITY, SD","1,825",4493
DHS UNITED STATES SECRET SERVICE,"NEW YORK, NY",250,4142
NATURAL RESOURCES CONSERVATION SERVICE,"DAYTON, WA","4,320",3445
SOCIAL SECURITY ADMINISTRATION,"HAZARD, KY","1,652",3169
RAILROAD RETIREMENT BOARD,"JOLIET, IL","1,397",2980
NATIONAL OCEANIC ATMOSPHERIC ADMINISTRATION,"SALISBURY, MD",826,2720
"FAS, REG 08 FLEET MANAGEMENT FACILITIES","BISMARCK, ND",0,2520
NATIONAL OCEANIC ATMOSPHERIC ADMINISTRATION,"JUNEAU, AK","1,595",1710
BUREAU OF INDIAN AFFAIRS,"PABLO, MT",620,868
NATIONAL OCEANIC ATMOSPHERIC ADMINISTRATION,"SALEM, OR",236,670
FOOD AND DRUG ADMINISTRATION,"ATLANTA, GA","17,000",0
GEOLOGICAL SURVEY,"EL PASO, TX","3,409",0
FEDERAL TRADE COMMISSION,"WASHINGTON, DC","259,130",0
,"RENSSELAER, NY",115,0
FARM SERVICE AGENCY- STATE,"FARGO, ND","14,800",0
SMALL BUSINESS ADMINISTRATION,"MELBOURNE, FL",570,0
SOCIAL SECURITY ADMINISTRATION,"JASPER, AL","8,919",0
GEOLOGICAL SURVEY,"BOULDER, CO","3,830",0
NATURAL RESOURCES CONSERVATION SERVICE,"PEARL, MS","7,161",0
SOCIAL SECURITY ADMINISTRATION,"POUGHKEEPSIE, NY","14,000",0
"BUR OF ALCOHOL,TOBACCO,FIREARMS & EXPLOSIVES","RALEIGH, NC","5,287",0
ANIMAL AND PLANT HEALTH INSPECTION SERVICE,"BOISE, ID","44,623",0
NATIONAL PARK SERVICE,"HOMESTEAD, FL","21,356",0
GEOLOGICAL SURVEY,"LITTLE ROCK, AR","19,005",0
NATIONAL PARK SERVICE,"FLAGSTAFF, AZ","3,991",0
UNITED STATES FISH AND WILDLIFE SERVICE,"ARCATA, CA","25,500",0
GEOLOGICAL SURVEY,"GRAND JUNCTION, CO","44,747",0
UNITED STATES FISH AND WILDLIFE SERVICE,"LITTLETON, CO","1,250",0
BUREAU OF RECLAMATION,"DURANGO, CO","8,900",0
GEOLOGICAL SURVEY,"GOLDEN, CO","8,219",0
OFFICE OF THE SECRETARY,"HARTFORD, CT","24,647",0
GEOLOGICAL SURVEY,"HILO, HI","10,731",0
UNITED STATES FISH AND WILDLIFE SERVICE,"INDIANOLA, IA","2,616",0
INTERNAL REVENUE SERVICE NATIONAL OFFICE,"SALINA, KS","2,203",0
UNITED STATES FISH AND WILDLIFE SERVICE,"DERBY, KS","1,365",0
UNITED STATES TRUSTEES,"WORCESTER, MA","5,506",0
UNITED STATES FISH AND WILDLIFE SERVICE,"BOZEMAN, MT","7,853",0
UNITED STATES FISH AND WILDLIFE SERVICE,"MINOT, ND",833,0
NATIONAL PARK SERVICE,"VALENTINE, NE","6,234",0
NATIONAL PARK SERVICE,"MOUNTAINAIR, NM","7,648",0
BUREAU OF INDIAN AFFAIRS,"PAWHUSKA, OK","10,335",0
NATIONAL PARK SERVICE,"YANKTON, SD","9,048",0
OFFICE OF HEARING AND APPEALS,"RAPID CITY, SD","2,252",0
NATIONAL INDIAN GAMING COMMISSION,"RAPID CITY, SD","1,518",0
UNITED STATES FISH AND WILDLIFE SERVICE,"LAREDO, TX","2,645",0
UNITED STATES FISH AND WILDLIFE SERVICE,"WEST VALLEY CITY, UT","8,482",0
GEOLOGICAL SURVEY,"MOAB, UT","4,750",0
BUREAU OF INDIAN AFFAIRS,"TOPPENISH, WA","17,107",0
"EMPLOYMENT STANDARDS ADMINISTRATION, WAGE AND HOUR DIVI","SALT LAKE CITY, UT","3,882",0
OFFICE OF THE SECRETARY,"ANCHORAGE, AK","14,805",0
NATIONAL PARK SERVICE,"FORT PAYNE, AL","5,300",0
FOOD AND DRUG ADMINISTRATION,"LONG BEACH, CA","24,167",0
FOOD AND DRUG ADMINISTRATION,"SAN DIEGO, CA","6,374",0
NATIONAL PARK SERVICE,"FORT COLLINS, CO","65,720",0
GEOLOGICAL SURVEY,"TALLAHASSEE, FL","3,802",0
OFFICE OF THE SECRETARY,"ATLANTA, GA","25,422",0
MINE SAFETY HEALTH ADMINISTRATION,"VINCENNES, IN","17,029",0
FOOD AND DRUG ADMINISTRATION,"LOUISVILLE, KY","3,938",0
UNITED STATES FISH AND WILDLIFE SERVICE,"BALTIMORE, MD","1,812",0
OCCUPATIONAL SAFETY AND HEALTH ADMINISTRATION,"LINTHICUM HEIGHTS, MD","3,500",0
BUREAU OF INDIAN AFFAIRS,"BARAGA, MI","1,200",0
NATIONAL PARK SERVICE,"ST. PAUL, MN","9,834",0
FEDERAL HIGHWAY ADMINISTRATION,"ST. PAUL, MN","4,246",0
GEOLOGICAL SURVEY,"BOZEMAN, MT","15,605",0
FOOD AND DRUG ADMINISTRATION,"OMAHA, NE","1,875",0
FEDERAL HIGHWAY ADMINISTRATION,"SANTA FE, NM","5,847",0
RAILROAD RETIREMENT BOARD,"CINCINNATI, OH","1,428",0
OCCUPATIONAL SAFETY AND HEALTH ADMINISTRATION,"INDEPENDENCE, OH","6,573",0
SMALL BUSINESS ADMINISTRATION,"CLEVELAND, OH","5,722",0
DEPARTMENT OF HOUSING AND URBAN DEVELOPMENT,"TULSA, OK","5,682",0
SMALL BUSINESS ADMINISTRATION,"NORTH CHARLESTON, SC",465,0
DEPARTMENTAL MANAGEMENT (IG),"SIOUX FALLS, SD","1,217",0
FEDERAL RAILROAD ADMINISTRATION,"FORT WORTH, TX","5,835",0
OCCUPATIONAL SAFETY AND HEALTH ADMINISTRATION,"HOUSTON, TX","7,201",0
OFFICE OF INSPECTOR GENERAL,"GRAND PRAIRIE, TX","6,418",0
GEOLOGICAL SURVEY,"RICHMOND, VA","19,277",0
NATIONAL LABOR RELATIONS BOARD,"MILWAUKEE, WI","10,226",0
FEDERAL MOTOR CARRIER SAFETY ADMINISTRATION,"CHARLESTON, WV","1,692",0
GEOLOGICAL SURVEY,"CHARLESTON, WV","10,875",0
FEDERAL LABOR RELATIONS AUTHORITY,"CHICAGO, IL","4,651",0
RAILROAD RETIREMENT BOARD,"JACKSONVILLE, FL","2,307",0
